id,title,description
1,AI-driven personalized mental health counselor,"AI-driven personalized mental health counselor is an innovative technology aiming to improve healthcare by enhancing efficiency, accuracy, and patient outcomes."
2,Blockchain-based secure medical record sharing,"Blockchain-based secure medical record sharing is an innovative technology aiming to improve healthcare by enhancing efficiency, accuracy, and patient outcomes."
3,Wearable biosensors for continuous glucose monitoring,"Wearable biosensors for continuous glucose monitoring is an innovative technology aiming to improve healthcare by enhancing efficiency, accuracy, and patient outcomes."
4,VR-based therapy for chronic pain management,"VR-based therapy for chronic pain management is an innovative technology aiming to improve healthcare by enhancing efficiency, accuracy, and patient outcomes."
5,AR-assisted surgical training tools,"AR-assisted surgical training tools is an innovative technology aiming to improve healthcare by enhancing efficiency, accuracy, and patient outcomes."
6,Robotic exoskeletons for rehabilitation of stroke patients,"Robotic exoskeletons for rehabilitation of stroke patients is an innovative technology aiming to improve healthcare by enhancing efficiency, accuracy, and patient outcomes."
7,Remote patient monitoring via smart textiles,"Remote patient monitoring via smart textiles is an innovative technology aiming to improve healthcare by enhancing efficiency, accuracy, and patient outcomes."
8,Genetic analysis platforms for personalized medication,"Genetic analysis platforms for personalized medication is an innovative technology aiming to improve healthcare by enhancing efficiency, accuracy, and patient outcomes."
9,Automated drone delivery of medicines,"Automated drone delivery of medicines is an innovative technology aiming to improve healthcare by enhancing efficiency, accuracy, and patient outcomes."
10,AI-powered medical imaging diagnostics,"AI-powered medical imaging diagnostics is an innovative technology aiming to improve healthcare by enhancing efficiency, accuracy, and patient outcomes."
11,Nanotech sensors for early cancer detection,"Nanotech sensors for early cancer detection is an innovative technology aiming to improve healthcare by enhancing efficiency, accuracy, and patient outcomes."
12,Telemedicine kiosks for rural areas,"Telemedicine kiosks for rural areas is an innovative technology aiming to improve healthcare by enhancing efficiency, accuracy, and patient outcomes."
13,Mobile apps for predicting heart attacks,"Mobile apps for predicting heart attacks is an innovative technology aiming to improve healthcare by enhancing efficiency, accuracy, and patient outcomes."
14,Smart inhalers for asthma management,"Smart inhalers for asthma management is an innovative technology aiming to improve healthcare by enhancing efficiency, accuracy, and patient outcomes."
15,IoT-enabled hospital beds monitoring patient vitals,"IoT-enabled hospital beds monitoring patient vitals is an innovative technology aiming to improve healthcare by enhancing efficiency, accuracy, and patient outcomes."
16,Voice-driven patient-assistant robots,"Voice-driven patient-assistant robots is an innovative technology aiming to improve healthcare by enhancing efficiency, accuracy, and patient outcomes."
17,Augmented reality for surgical planning,"Augmented reality for surgical planning is an innovative technology aiming to improve healthcare by enhancing efficiency, accuracy, and patient outcomes."
18,AI-driven pathology for rapid diagnosis,"AI-driven pathology for rapid diagnosis is an innovative technology aiming to improve healthcare by enhancing efficiency, accuracy, and patient outcomes."
19,Blockchain-powered supply chain management for pharmaceuticals,"Blockchain-powered supply chain management for pharmaceuticals is an innovative technology aiming to improve healthcare by enhancing efficiency, accuracy, and patient outcomes."
20,3D-printed prosthetics customized with AI,"3D-printed prosthetics customized with AI is an innovative technology aiming to improve healthcare by enhancing efficiency, accuracy, and patient outcomes."
21,Intelligent health chatbots for symptom analysis,"Intelligent health chatbots for symptom analysis is an innovative technology aiming to improve healthcare by enhancing efficiency, accuracy, and patient outcomes."
22,Machine learning to predict hospital readmissions,"Machine learning to predict hospital readmissions is an innovative technology aiming to improve healthcare by enhancing efficiency, accuracy, and patient outcomes."
23,Precision medicine software for rare diseases,"Precision medicine software for rare diseases is an innovative technology aiming to improve healthcare by enhancing efficiency, accuracy, and patient outcomes."
24,Digital twins of patient organs for virtual treatment planning,"Digital twins of patient organs for virtual treatment planning is an innovative technology aiming to improve healthcare by enhancing efficiency, accuracy, and patient outcomes."
25,Haptic-feedback devices for remote surgery,"Haptic-feedback devices for remote surgery is an innovative technology aiming to improve healthcare by enhancing efficiency, accuracy, and patient outcomes."
26,Quantum computing for drug discovery,"Quantum computing for drug discovery is an innovative technology aiming to improve healthcare by enhancing efficiency, accuracy, and patient outcomes."
27,Virtual reality for exposure therapy in PTSD,"Virtual reality for exposure therapy in PTSD is an innovative technology aiming to improve healthcare by enhancing efficiency, accuracy, and patient outcomes."
28,IoT devices for automated medication dispensing,"IoT devices for automated medication dispensing is an innovative technology aiming to improve healthcare by enhancing efficiency, accuracy, and patient outcomes."
29,Telehealth wearables for elderly care,"Telehealth wearables for elderly care is an innovative technology aiming to improve healthcare by enhancing efficiency, accuracy, and patient outcomes."
30,AI-based disease surveillance platforms,"AI-based disease surveillance platforms is an innovative technology aiming to improve healthcare by enhancing efficiency, accuracy, and patient outcomes."
31,Smart bandages monitoring wound healing,"Smart bandages monitoring wound healing is an innovative technology aiming to improve healthcare by enhancing efficiency, accuracy, and patient outcomes."
32,Automated infection control robots,"Automated infection control robots is an innovative technology aiming to improve healthcare by enhancing efficiency, accuracy, and patient outcomes."
33,Cloud-based collaborative platforms for clinical trials,"Cloud-based collaborative platforms for clinical trials is an innovative technology aiming to improve healthcare by enhancing efficiency, accuracy, and patient outcomes."
34,AI-driven predictive analytics for patient deterioration,"AI-driven predictive analytics for patient deterioration is an innovative technology aiming to improve healthcare by enhancing efficiency, accuracy, and patient outcomes."
35,Interactive mobile games for pediatric rehabilitation,"Interactive mobile games for pediatric rehabilitation is an innovative technology aiming to improve healthcare by enhancing efficiency, accuracy, and patient outcomes."
36,Virtual clinics powered by telepresence robots,"Virtual clinics powered by telepresence robots is an innovative technology aiming to improve healthcare by enhancing efficiency, accuracy, and patient outcomes."
37,Non-invasive smart patches for vital monitoring,"Non-invasive smart patches for vital monitoring is an innovative technology aiming to improve healthcare by enhancing efficiency, accuracy, and patient outcomes."
38,Blockchain for traceability of organ transplants,"Blockchain for traceability of organ transplants is an innovative technology aiming to improve healthcare by enhancing efficiency, accuracy, and patient outcomes."
39,Bioinformatics platforms for genetic research,"Bioinformatics platforms for genetic research is an innovative technology aiming to improve healthcare by enhancing efficiency, accuracy, and patient outcomes."
40,AI-assisted dermatological diagnosis,"AI-assisted dermatological diagnosis is an innovative technology aiming to improve healthcare by enhancing efficiency, accuracy, and patient outcomes."
41,Smart contact lenses for diabetic eye care,"Smart contact lenses for diabetic eye care is an innovative technology aiming to improve healthcare by enhancing efficiency, accuracy, and patient outcomes."
42,Drone ambulances for emergency responses,"Drone ambulances for emergency responses is an innovative technology aiming to improve healthcare by enhancing efficiency, accuracy, and patient outcomes."
43,VR training modules for emergency responders,"VR training modules for emergency responders is an innovative technology aiming to improve healthcare by enhancing efficiency, accuracy, and patient outcomes."
44,Integrated health platforms leveraging big data analytics,"Integrated health platforms leveraging big data analytics is an innovative technology aiming to improve healthcare by enhancing efficiency, accuracy, and patient outcomes."
45,AI-driven drug interaction checker,"AI-driven drug interaction checker is an innovative technology aiming to improve healthcare by enhancing efficiency, accuracy, and patient outcomes."
46,Smart implants providing real-time health data,"Smart implants providing real-time health data is an innovative technology aiming to improve healthcare by enhancing efficiency, accuracy, and patient outcomes."
47,Wearable devices for sleep apnea detection,"Wearable devices for sleep apnea detection is an innovative technology aiming to improve healthcare by enhancing efficiency, accuracy, and patient outcomes."
48,Automated clinical documentation via natural language processing,"Automated clinical documentation via natural language processing is an innovative technology aiming to improve healthcare by enhancing efficiency, accuracy, and patient outcomes."
49,Telemedicine apps integrating real-time translation,"Telemedicine apps integrating real-time translation is an innovative technology aiming to improve healthcare by enhancing efficiency, accuracy, and patient outcomes."
50,AI algorithms predicting medical staffing needs,"AI algorithms predicting medical staffing needs is an innovative technology aiming to improve healthcare by enhancing efficiency, accuracy, and patient outcomes."
51,Blockchain-based verification of healthcare credentials,"Blockchain-based verification of healthcare credentials is an innovative technology aiming to improve healthcare by enhancing efficiency, accuracy, and patient outcomes."
52,Cloud-based AI platforms for radiology analysis,"Cloud-based AI platforms for radiology analysis is an innovative technology aiming to improve healthcare by enhancing efficiency, accuracy, and patient outcomes."
53,Gamification platforms for medication adherence,"Gamification platforms for medication adherence is an innovative technology aiming to improve healthcare by enhancing efficiency, accuracy, and patient outcomes."
54,Real-time surgical guidance through holography,"Real-time surgical guidance through holography is an innovative technology aiming to improve healthcare by enhancing efficiency, accuracy, and patient outcomes."
55,AI-driven health risk assessment apps,"AI-driven health risk assessment apps is an innovative technology aiming to improve healthcare by enhancing efficiency, accuracy, and patient outcomes."
56,IoT systems for hospital asset tracking,"IoT systems for hospital asset tracking is an innovative technology aiming to improve healthcare by enhancing efficiency, accuracy, and patient outcomes."
57,Virtual reality for medical student training,"Virtual reality for medical student training is an innovative technology aiming to improve healthcare by enhancing efficiency, accuracy, and patient outcomes."
58,AI-enabled dietary guidance systems,"AI-enabled dietary guidance systems is an innovative technology aiming to improve healthcare by enhancing efficiency, accuracy, and patient outcomes."
59,AR visualization of patient medical history,"AR visualization of patient medical history is an innovative technology aiming to improve healthcare by enhancing efficiency, accuracy, and patient outcomes."
60,Automated early detection systems for sepsis,"Automated early detection systems for sepsis is an innovative technology aiming to improve healthcare by enhancing efficiency, accuracy, and patient outcomes."
61,Smart mirrors monitoring health vitals,"Smart mirrors monitoring health vitals is an innovative technology aiming to improve healthcare by enhancing efficiency, accuracy, and patient outcomes."
62,AI-powered ECG analysis for arrhythmia detection,"AI-powered ECG analysis for arrhythmia detection is an innovative technology aiming to improve healthcare by enhancing efficiency, accuracy, and patient outcomes."
63,Wearable hydration monitoring systems,"Wearable hydration monitoring systems is an innovative technology aiming to improve healthcare by enhancing efficiency, accuracy, and patient outcomes."
64,Cloud-based disaster response coordination systems,"Cloud-based disaster response coordination systems is an innovative technology aiming to improve healthcare by enhancing efficiency, accuracy, and patient outcomes."
65,AI-driven vaccine development platforms,"AI-driven vaccine development platforms is an innovative technology aiming to improve healthcare by enhancing efficiency, accuracy, and patient outcomes."
66,Blockchain-secured telemedicine consultations,"Blockchain-secured telemedicine consultations is an innovative technology aiming to improve healthcare by enhancing efficiency, accuracy, and patient outcomes."
67,Non-contact infrared thermometers integrated with health apps,"Non-contact infrared thermometers integrated with health apps is an innovative technology aiming to improve healthcare by enhancing efficiency, accuracy, and patient outcomes."
68,AI-based noise reduction systems for hospital ICUs,"AI-based noise reduction systems for hospital ICUs is an innovative technology aiming to improve healthcare by enhancing efficiency, accuracy, and patient outcomes."
69,Smart home integration for elderly independence,"Smart home integration for elderly independence is an innovative technology aiming to improve healthcare by enhancing efficiency, accuracy, and patient outcomes."
70,Virtual reality for stroke patient rehabilitation,"Virtual reality for stroke patient rehabilitation is an innovative technology aiming to improve healthcare by enhancing efficiency, accuracy, and patient outcomes."
71,Automated voice-controlled medical devices,"Automated voice-controlled medical devices is an innovative technology aiming to improve healthcare by enhancing efficiency, accuracy, and patient outcomes."
72,AI-powered cancer screening using blood tests,"AI-powered cancer screening using blood tests is an innovative technology aiming to improve healthcare by enhancing efficiency, accuracy, and patient outcomes."
73,Personalized microbiome analysis apps,"Personalized microbiome analysis apps is an innovative technology aiming to improve healthcare by enhancing efficiency, accuracy, and patient outcomes."
74,Virtual clinical assistants using conversational AI,"Virtual clinical assistants using conversational AI is an innovative technology aiming to improve healthcare by enhancing efficiency, accuracy, and patient outcomes."
75,Augmented reality apps for medication instruction,"Augmented reality apps for medication instruction is an innovative technology aiming to improve healthcare by enhancing efficiency, accuracy, and patient outcomes."
76,Remote robotic surgery systems,"Remote robotic surgery systems is an innovative technology aiming to improve healthcare by enhancing efficiency, accuracy, and patient outcomes."
77,AI-assisted anesthesia management,"AI-assisted anesthesia management is an innovative technology aiming to improve healthcare by enhancing efficiency, accuracy, and patient outcomes."
78,Blockchain-based patient consent management,"Blockchain-based patient consent management is an innovative technology aiming to improve healthcare by enhancing efficiency, accuracy, and patient outcomes."
79,Drone-based disaster medicine delivery,"Drone-based disaster medicine delivery is an innovative technology aiming to improve healthcare by enhancing efficiency, accuracy, and patient outcomes."
80,Cloud-powered telepsychiatry platforms,"Cloud-powered telepsychiatry platforms is an innovative technology aiming to improve healthcare by enhancing efficiency, accuracy, and patient outcomes."
81,IoT-enabled cold chain monitoring for vaccines,"IoT-enabled cold chain monitoring for vaccines is an innovative technology aiming to improve healthcare by enhancing efficiency, accuracy, and patient outcomes."
82,Virtual reality therapy for anxiety disorders,"Virtual reality therapy for anxiety disorders is an innovative technology aiming to improve healthcare by enhancing efficiency, accuracy, and patient outcomes."
83,Predictive analytics for hospital bed occupancy,"Predictive analytics for hospital bed occupancy is an innovative technology aiming to improve healthcare by enhancing efficiency, accuracy, and patient outcomes."
84,Robotic nursing assistants for patient care,"Robotic nursing assistants for patient care is an innovative technology aiming to improve healthcare by enhancing efficiency, accuracy, and patient outcomes."
85,AI-driven cardiac monitoring wearables,"AI-driven cardiac monitoring wearables is an innovative technology aiming to improve healthcare by enhancing efficiency, accuracy, and patient outcomes."
86,Smart diapers monitoring infant health,"Smart diapers monitoring infant health is an innovative technology aiming to improve healthcare by enhancing efficiency, accuracy, and patient outcomes."
87,Non-invasive glucose monitoring via wearable tech,"Non-invasive glucose monitoring via wearable tech is an innovative technology aiming to improve healthcare by enhancing efficiency, accuracy, and patient outcomes."
88,Blockchain-enabled health insurance fraud detection,"Blockchain-enabled health insurance fraud detection is an innovative technology aiming to improve healthcare by enhancing efficiency, accuracy, and patient outcomes."
89,AI-powered personal fitness coaching apps,"AI-powered personal fitness coaching apps is an innovative technology aiming to improve healthcare by enhancing efficiency, accuracy, and patient outcomes."
90,Digital therapeutics for chronic disease management,"Digital therapeutics for chronic disease management is an innovative technology aiming to improve healthcare by enhancing efficiency, accuracy, and patient outcomes."
91,Automated medication management systems,"Automated medication management systems is an innovative technology aiming to improve healthcare by enhancing efficiency, accuracy, and patient outcomes."
92,VR-based cognitive training for dementia patients,"VR-based cognitive training for dementia patients is an innovative technology aiming to improve healthcare by enhancing efficiency, accuracy, and patient outcomes."
93,AI-supported medical supply inventory management,"AI-supported medical supply inventory management is an innovative technology aiming to improve healthcare by enhancing efficiency, accuracy, and patient outcomes."
94,Wearable devices detecting fall risks,"Wearable devices detecting fall risks is an innovative technology aiming to improve healthcare by enhancing efficiency, accuracy, and patient outcomes."
95,Blockchain-based medical billing solutions,"Blockchain-based medical billing solutions is an innovative technology aiming to improve healthcare by enhancing efficiency, accuracy, and patient outcomes."
96,3D bioprinting of human tissues,"3D bioprinting of human tissues is an innovative technology aiming to improve healthcare by enhancing efficiency, accuracy, and patient outcomes."
97,AI-driven personalized vaccine schedules,"AI-driven personalized vaccine schedules is an innovative technology aiming to improve healthcare by enhancing efficiency, accuracy, and patient outcomes."
98,Automated patient transport systems within hospitals,"Automated patient transport systems within hospitals is an innovative technology aiming to improve healthcare by enhancing efficiency, accuracy, and patient outcomes."
99,Interactive AI virtual nurses,"Interactive AI virtual nurses is an innovative technology aiming to improve healthcare by enhancing efficiency, accuracy, and patient outcomes."